,0,1,2,3,4,5,6,7,8,9,10,11,12,13,14,15,16,17,18,19,20,21,22,23,24,25,26,27
0,https://www.racingpost.com/racecards/23/haydock/2022-09-23/819724,-,,,-,-,-,-,-,-,Baltic Bird,Benoit De La Sayette,T:                             John & Thady Gosden                                                    66,3,83.0,,4.0,None,9,,,,,False,,0,98.0,1
1,https://www.racingpost.com/racecards/23/haydock/2022-09-23/819724,-,,,-,-,-,-,-,-,Sea King,John & Thady Gosden,T:                             Sir Mark Prescott Bt                                                    42,3,85.0,,6.0,None,9,,,,,False,,0,100.0,2
2,https://www.racingpost.com/racecards/23/haydock/2022-09-23/819724,-,,,-,-,-,-,-,-,Nova Legend,Gestut Ammerland,T:                             James Ferguson                                                    73,3,88.0,,10.0,None,9,,,,,False,,0,103.0,3
3,https://www.racingpost.com/racecards/23/haydock/2022-09-23/819724,-,,,-,-,-,-,-,-,Zain Nights,Luke Morris,T:                             Harry & Roger Charlton                                                    29,3,79.0,,8.5,None,9,,,,,False,,0,101.0,4
4,https://www.racingpost.com/racecards/23/haydock/2022-09-23/819724,-,,,-,-,-,-,-,-,Teumessias Fox,Sir Mark Prescott Bt,T:                             Andrew Balding                                                    67,3,93.0,,20.0,None,9,,,,,False,,0,100.0,5
5,https://www.racingpost.com/racecards/23/haydock/2022-09-23/819724,-,,,-,-,-,-,-,-,Post Impressionist,Charlie Walker - Osborne House III,T:                             William Haggas                                                    57,3,68.0,,8.0,None,9,,,,,False,,0,103.0,6
6,https://www.racingpost.com/racecards/23/haydock/2022-09-23/819724,-,,,-,-,-,-,-,-,Double Cherry,Theodore Ladd,T:                             Tom Ward                                                    21,3,90.0,,7.0,None,9,,,,,False,,0,102.0,7
7,https://www.racingpost.com/racecards/23/haydock/2022-09-23/819724,-,,,-,-,-,-,-,-,Speycaster,James Ferguson,T:                             Ralph Beckett                                                    50,3,92.0,,4.0,None,9,,,,,False,,0,103.0,8
8,https://www.racingpost.com/racecards/23/haydock/2022-09-23/819724,-,,,-,-,-,-,-,-,Flamborough,K K Ho,T:                             Charlie & Mark Johnston                                                    36,3,60.0,,14.0,None,8,,,,,False,,0,101.0,9
9,https://www.racingpost.com/racecards/23/haydock/2022-09-23/819724,-,,,-,-,-,-,-,-,Haarar,Trevor Whelan,T:                             Michael Bell                                                    57,3,68.0,,12.0,None,8,,,,,False,,0,100.0,10
10,https://www.racingpost.com/racecards/23/haydock/2022-09-23/819727,-,,,-,-,-,-,-,-,Annie Maher,Dylan Hogan,T:                             Michael Bell                                                    57,2,57.0,,4.0,None,9,,,,,False,,0,88.0,1
11,https://www.racingpost.com/racecards/23/haydock/2022-09-23/819727,-,,,-,-,-,-,-,-,Belinda Bell,Michael Bell,T:                             Richard Fahey                                                    60,2,,,16.0,None,9,,,,,False,,0,,2
12,https://www.racingpost.com/racecards/23/haydock/2022-09-23/819727,-,,,-,-,-,-,-,-,Centrefold,The Gredley Family,T:                             Roger Varian                                                    68,2,67.0,,4.0,None,9,,,,,False,,0,81.0,3
13,https://www.racingpost.com/racecards/23/haydock/2022-09-23/819727,-,,,-,-,-,-,-,-,Chandeleur Island,Oisin Orr,T:                             Ed Walker                                                    42,2,,,14.0,None,9,,,,,False,,0,,4
14,https://www.racingpost.com/racecards/23/haydock/2022-09-23/819727,-,,,-,-,-,-,-,-,Couplet,Richard Fahey,T:                             Harry Eustace                                                    75,2,,,25.0,None,9,,,,,False,,0,,5
15,https://www.racingpost.com/racecards/23/haydock/2022-09-23/819727,-,,,-,-,-,-,-,-,Dakota Elegance,R A Fahey,T:                             Brian Meehan                                                    54,2,51.0,,14.0,None,9,,,,,False,,0,83.0,6
16,https://www.racingpost.com/racecards/23/haydock/2022-09-23/819727,-,,,-,-,-,-,-,-,Golden Bullet,Ray Dawson,T:                             Archie Watson                                                    50,2,55.0,,50.0,None,9,,,,,False,,0,73.0,7
17,https://www.racingpost.com/racecards/23/haydock/2022-09-23/819727,-,,,-,-,-,-,-,-,Lady Manyara,Roger Varian,T:                             K R Burke                                                    33,2,48.0,,10.0,None,9,,,,,False,,0,84.0,8
18,https://www.racingpost.com/racecards/23/haydock/2022-09-23/819727,-,,,-,-,-,-,-,-,Lady Ursula,Sheikh Mohammed Obaid Al Maktoum,T:                             Charlie Fellowes                                                    44,2,,,33.0,None,9,,,,,False,,0,,9
19,https://www.racingpost.com/racecards/23/haydock/2022-09-23/819727,-,,,-,-,-,-,-,-,Ma Famille,Hector Crouch,T:                             Clive Cox                                                    42,2,,,16.0,None,9,,,,,False,,0,,10
20,https://www.racingpost.com/racecards/23/haydock/2022-09-23/819727,-,,,-,-,-,-,-,-,Oneforsue,Ed Walker,T:                             Eric Alston                                                    50,2,75.0,,6.0,None,9,,,,,False,,0,93.0,11
21,https://www.racingpost.com/racecards/23/haydock/2022-09-23/819727,-,,,-,-,-,-,-,-,Pure Angel,Lord Lloyd Webber And A Rosen,T:                             James Horton                                                    40,2,64.0,,7.0,None,9,,,,,False,,0,65.0,12
22,https://www.racingpost.com/racecards/23/haydock/2022-09-23/819727,-,,,-,-,-,-,-,-,Renesmee,Pat Cosgrave,T:                             Kevin Philippart De Foy                                                    52,2,73.0,,3.5,None,9,,,,,False,,0,92.0,13
23,https://www.racingpost.com/racecards/23/haydock/2022-09-23/819727,-,,,-,-,-,-,-,-,Shot,Harry Eustace,T:                             Richard Hannon                                                    48,2,53.0,,50.0,None,9,,,,,False,,0,78.0,14
24,https://www.racingpost.com/racecards/23/haydock/2022-09-23/819727,-,,,-,-,-,-,-,-,Special Event,The Arabda Partnership,T:                             Charles Hills                                                    39,2,57.0,,50.0,None,9,,,,,False,,0,69.0,15
25,https://www.racingpost.com/racecards/23/haydock/2022-09-23/819727,-,,,-,-,-,-,-,-,Time In Motion,George Rooke,T:                             George Boughey                                                    43,2,,,16.0,None,9,,,,,False,,0,,16
26,https://www.racingpost.com/racecards/23/haydock/2022-09-23/819728,-,,,-,-,-,-,-,-,Almaty Star,Ray Dawson,T:                             Roger Varian                                                    68,2,,,2.5,None,9,,,,,False,,0,,1
27,https://www.racingpost.com/racecards/23/haydock/2022-09-23/819728,-,,,-,-,-,-,-,-,Another Baar,Roger Varian,T:                             Adrian Paul Keatley                                                    42,2,33.0,,33.0,None,9,,,,,False,,0,72.0,2
28,https://www.racingpost.com/racecards/23/haydock/2022-09-23/819728,-,,,-,-,-,-,-,-,Atomic Impact,Nurlan Bizakov,T:                             K R Burke                                                    33,2,54.0,,4.0,None,9,,,,,False,,0,81.0,3
29,https://www.racingpost.com/racecards/23/haydock/2022-09-23/819728,-,,,-,-,-,-,-,-,Barrolo,Jason Watson,T:                             Grant Tuer                                                    24,2,37.0,,150.0,None,9,,,,,False,,0,58.0,4
30,https://www.racingpost.com/racecards/23/haydock/2022-09-23/819728,-,,,-,-,-,-,-,-,Blueflagflyinghigh,Adrian Paul Keatley,T:                             Michael Bell                                                    57,2,38.0,,20.0,None,9,,,,,False,,0,83.0,5
31,https://www.racingpost.com/racecards/23/haydock/2022-09-23/819728,-,,,-,-,-,-,-,-,Ghassan,Ontoawinner Andy Finneran Richard Porter,T:                             Richard Hannon                                                    48,2,24.0,,7.5,None,9,,,,,False,,0,85.0,6
32,https://www.racingpost.com/racecards/23/haydock/2022-09-23/819728,-,,,-,-,-,-,-,-,Kerdos,Clifford Lee,T:                             Clive Cox                                                    42,2,,,10.0,None,9,,,,,False,,0,,7
33,https://www.racingpost.com/racecards/23/haydock/2022-09-23/819728,-,,,-,-,-,-,-,-,Mutaany,K R Burke,T:                             Charles Hills                                                    39,2,65.0,,1.5,None,9,,,,,False,,0,98.0,8
34,https://www.racingpost.com/racecards/23/haydock/2022-09-23/819728,-,,,-,-,-,-,-,-,Royal Cay,Clipper Logistics,T:                             Richard Fahey                                                    60,2,55.0,,9.0,None,9,,,,,False,,0,72.0,9
35,https://www.racingpost.com/racecards/23/haydock/2022-09-23/819728,-,,,-,-,-,-,-,-,Sajwaan,Paul Hanagan,T:                             1                                                    Archie Watson                                                    50,2,47.0,,11.0,None,9,,,,,False,,0,75.0,10
36,https://www.racingpost.com/racecards/23/haydock/2022-09-23/819728,-,,,-,-,-,-,-,-,Scotts' Moon,Grant Tuer,T:                             Edward Bethell                                                    50,2,,,33.0,None,9,,,,,False,,0,,11
37,https://www.racingpost.com/racecards/23/haydock/2022-09-23/819728,-,,,-,-,-,-,-,-,Think Champagne,The Weighting Game,T:                             Tony Carroll                                                    18,2,,,100.0,None,9,,,,,False,,0,,12
38,https://www.racingpost.com/racecards/23/haydock/2022-09-23/819729,-,,,-,-,-,-,-,-,Good Regal,Owen Lewis,T:                             Ismail Mohammed                                                    50,4,69.0,,5.5,None,10,,,,,False,,0,78.0,1
39,https://www.racingpost.com/racecards/23/haydock/2022-09-23/819729,-,,,-,-,-,-,-,-,Bearaway,Ismail Mohammed,T:                             Hughie Morrison                                                    47,4,44.0,,10.0,None,10,,,,,False,,0,79.0,2
40,https://www.racingpost.com/racecards/23/haydock/2022-09-23/819729,-,,,-,-,-,-,-,-,Cumulonimbus,Abdulla Al Mansoori,T:                             Charlie Fellowes                                                    44,3,43.0,,1.75,None,9,,,,,False,,0,80.0,3
41,https://www.racingpost.com/racecards/23/haydock/2022-09-23/819729,-,,,-,-,-,-,-,-,Electress,Sophie Reed,T:                             2                                                    Archie Watson                                                    50,3,66.0,,3.5,None,9,,,,,False,,0,78.0,4
42,https://www.racingpost.com/racecards/23/haydock/2022-09-23/819729,-,,,-,-,-,-,-,-,Typical Woman,Hughie Morrison,T:                             Ian Williams                                                    59,3,66.0,,6.5,None,9,,,,,False,,0,77.0,5
43,https://www.racingpost.com/racecards/23/haydock/2022-09-23/819729,-,,,-,-,-,-,-,-,Maokai,Turf Club 2020 & H Morrison,T:                             Harry & Roger Charlton                                                    29,3,54.0,,10.0,None,9,,,,,False,,0,82.0,6
44,https://www.racingpost.com/racecards/23/haydock/2022-09-23/819729,-,,,-,-,-,-,-,-,Rainbow Jet,Mark Winn,T:                             John Mackie                                                    50,5,70.0,,14.0,None,9,,,,,False,,0,80.0,7
45,https://www.racingpost.com/racecards/23/haydock/2022-09-23/819730,-,,,-,-,-,-,-,-,Maketh Believeth,Hector Crouch,T:                             Harry Dunlop                                                    67,4,71.0,,12.0,None,9,,,,,False,,0,87.0,1
46,https://www.racingpost.com/racecards/23/haydock/2022-09-23/819730,-,,,-,-,-,-,-,-,Alghazaal,Harry Dunlop,T:                             Charlie Longsdon                                                    67,5,55.0,,18.0,None,9,,,,,False,,0,86.0,2
47,https://www.racingpost.com/racecards/23/haydock/2022-09-23/819730,-,,,-,-,-,-,-,-,Mercian Hymn,Haven't A Pot,T:                             Sir Mark Todd                                                    50,4,68.0,,9.0,None,9,,,,,False,,0,91.0,3
48,https://www.racingpost.com/racecards/23/haydock/2022-09-23/819730,-,,,-,-,-,-,-,-,Kasperenko,Finley Marsh,T:                             Eric Alston                                                    50,8,80.0,,20.0,None,9,,,,,False,,0,85.0,4
49,https://www.racingpost.com/racecards/23/haydock/2022-09-23/819730,-,,,-,-,-,-,-,-,Tendentious,Charlie Longsdon,T:                             David O'Meara                                                    28,4,75.0,,9.0,None,9,,,,,False,,0,88.0,5
50,https://www.racingpost.com/racecards/23/haydock/2022-09-23/819730,-,,,-,-,-,-,-,-,Good Soul,Bill Bailey,T:                             Hugo Palmer                                                    48,4,54.0,,25.0,None,9,,,,,False,,0,90.0,6
51,https://www.racingpost.com/racecards/23/haydock/2022-09-23/819730,-,,,-,-,-,-,-,-,Tralee Hills,Ray Dawson,T:                             Simon Hodgson                                                    75,8,84.0,,12.0,None,9,,,,,False,,0,89.0,7
52,https://www.racingpost.com/racecards/23/haydock/2022-09-23/819730,-,,,-,-,-,-,-,-,East End Girl,Sir Mark Todd,T:                             Lucy Wadham                                                    33,5,69.0,,12.0,None,9,,,,,False,,0,83.0,8
53,https://www.racingpost.com/racecards/23/haydock/2022-09-23/819730,-,,,-,-,-,-,-,-,Pentland Hills,The Mercian Partnership & O T I Racing,T:                             Nicky Henderson                                                    60,7,,,2.75,None,9,,,,,False,,0,,9
54,https://www.racingpost.com/racecards/23/haydock/2022-09-23/819730,-,,,-,-,-,-,-,-,Lady Percival,Oisin McSweeney,T:                             Hughie Morrison                                                    47,4,45.0,,25.0,None,9,,,,,False,,0,88.0,10
55,https://www.racingpost.com/racecards/23/haydock/2022-09-23/819730,-,,,-,-,-,-,-,-,Ghadbbaan,Eric Alston,T:                             Mark Walford                                                    47,6,80.0,,12.0,None,9,,,,,False,,0,86.0,11
56,https://www.racingpost.com/racecards/23/haydock/2022-09-23/819730,-,,,-,-,-,-,-,-,Sulochana,Con Harrington,T:                             Hughie Morrison                                                    47,5,75.0,,8.0,None,8,,,,,False,,0,86.0,12
57,https://www.racingpost.com/racecards/23/haydock/2022-09-23/819730,-,,,-,-,-,-,-,-,Rick Blaine,Jason Watson,T:                             Shaun Lycett                                                    33,5,,,33.0,None,8,,,,,False,,0,77.0,13
58,https://www.racingpost.com/racecards/23/haydock/2022-09-23/819730,-,,,-,-,-,-,-,-,Clifftop Heaven,David O'Meara,T:                             Archie Watson                                                    50,5,74.0,,20.0,None,8,,,,,False,,0,84.0,14
59,https://www.racingpost.com/racecards/23/haydock/2022-09-23/819730,-,,,-,-,-,-,-,-,Order Of St John,Quantum Leap Racing Xiii & Partner,T:                             D J Jeffreys                                                    100,5,75.0,,16.0,None,8,,,,,False,,0,84.0,15
60,https://www.racingpost.com/racecards/23/haydock/2022-09-23/819730,-,,,-,-,-,-,-,-,Red Derek,Clifford Lee,T:                             Lisa Williamson,6,81.0,,25.0,None,8,,,,,False,,0,88.0,16
61,https://www.racingpost.com/racecards/190/listowel/2022-09-23/821325,-,,,-,-,-,-,-,-,Tudor City,Mr B W Harvey,T:                             A J Martin                                                    50,10,133.0,,20.0,None,11,,,,,False,,0,143.0,1
62,https://www.racingpost.com/racecards/190/listowel/2022-09-23/821325,-,,,-,-,-,-,-,-,Felix Desjy,A J Martin,T:                             Gordon Elliott                                                    51,9,134.0,,28.0,None,11,,,,,False,,0,150.0,2
63,https://www.racingpost.com/racecards/190/listowel/2022-09-23/821325,-,,,-,-,-,-,-,-,Fils D'oudairies,John Breslin,T:                             Gordon Elliott                                                    51,7,140.0,,12.0,None,11,,,,,False,,0,153.0,3
64,https://www.racingpost.com/racecards/190/listowel/2022-09-23/821325,-,,,-,-,-,-,-,-,My Mate Mozzie,Mr R James,T:                             Gavin Cromwell                                                    46,6,139.0,,8.0,None,11,,,,,False,,0,149.0,4
65,https://www.racingpost.com/racecards/190/listowel/2022-09-23/821325,-,,,-,-,-,-,-,-,Farout,Gordon Elliott,T:                             W P Mullins                                                    52,5,136.0,,12.0,None,11,,,,,False,,0,150.0,5
66,https://www.racingpost.com/racecards/190/listowel/2022-09-23/821325,-,,,-,-,-,-,-,-,Vina Ardanza,A Dunlop,T:                             Gordon Elliott                                                    51,5,133.0,,22.0,None,11,,,,,False,,0,149.0,6
67,https://www.racingpost.com/racecards/190/listowel/2022-09-23/821325,-,,,-,-,-,-,-,-,Glan,Davy Russell,T:                             Gordon Elliott                                                    51,7,136.0,,10.0,None,11,,,,,False,,0,146.0,7
68,https://www.racingpost.com/racecards/190/listowel/2022-09-23/821325,-,,,-,-,-,-,-,-,Exit Poll,Gordon Elliott,T:                             Mrs John Harrington                                                    42,8,,,22.0,None,10,,,,,False,,0,,8
69,https://www.racingpost.com/racecards/190/listowel/2022-09-23/821325,-,,,-,-,-,-,-,-,Clifton Warrior,Claudio Michael Grech,T:                             Henry De Bromhead                                                    36,6,128.0,,20.0,None,10,,,,,False,,0,148.0,9
70,https://www.racingpost.com/racecards/190/listowel/2022-09-23/821325,-,,,-,-,-,-,-,-,Charli Parcs,Kieren Buckley,T:                             Aidan Anthony Howard                                                    50,9,121.0,,66.0,None,10,,,,,False,,0,144.0,10
71,https://www.racingpost.com/racecards/190/listowel/2022-09-23/821325,-,,,-,-,-,-,-,-,Little Big Rocky,Gavin Cromwell,T:                             Patrick Downey                                                    100,7,128.0,,8.0,None,10,,,,,False,,0,142.0,11
72,https://www.racingpost.com/racecards/190/listowel/2022-09-23/821325,-,,,-,-,-,-,-,-,Magnor Glory,Alymer Stud,T:                             Terence O'Brien                                                    50,6,119.0,,33.0,None,10,,,,,False,,0,149.0,12
73,https://www.racingpost.com/racecards/190/listowel/2022-09-23/821325,-,,,-,-,-,-,-,-,Vultan,Paul Townend,T:                             2                                                    A J Martin                                                    50,5,106.0,,33.0,None,10,,,,,False,,0,148.0,13
74,https://www.racingpost.com/racecards/190/listowel/2022-09-23/821325,-,,,-,-,-,-,-,-,Effernock Fizz,W P Mullins,T:                             Cian Michael Collins                                                    50,7,122.0,,18.0,None,10,,,,,False,,0,145.0,14
75,https://www.racingpost.com/racecards/190/listowel/2022-09-23/821325,-,,,-,-,-,-,-,-,Flaming Moon,Thurloe Thoroughbreds Ireland Limited,T:                             Matthew J Smith                                                    33,5,125.0,,8.0,None,10,,,,,False,,0,150.0,15
76,https://www.racingpost.com/racecards/190/listowel/2022-09-23/821325,-,,,-,-,-,-,-,-,Wouldn't You Agree,Jordan Gainford,T:                             Eoin Griffin                                                    50,8,119.0,,40.0,None,10,,,,,False,,0,157.0,16
77,https://www.racingpost.com/racecards/190/listowel/2022-09-23/821325,-,,,-,-,-,-,-,-,Outback Flyer,Gordon Elliott,T:                             Peter Fahey                                                    20,6,124.0,,16.0,None,10,,,,,False,,0,149.0,17
78,https://www.racingpost.com/racecards/190/listowel/2022-09-23/821325,-,,,-,-,-,-,-,-,Dads Lad,Alymer Stud,T:                             W P Mullins                                                    52,7,123.0,,5.0,None,10,,,,,False,,0,153.0,18
79,https://www.racingpost.com/racecards/190/listowel/2022-09-23/821325,-,,,-,-,-,-,-,-,Darkened,Mark Walsh,T:                             Denis Gerard Hogan                                                    47,6,127.0,,25.0,None,10,,,,,False,,0,143.0,19
80,https://www.racingpost.com/racecards/190/listowel/2022-09-23/822083,-,,,-,-,-,-,-,-,Comeback Tiep,Mr R Sugrue,T:                             Eamon Courtney                                                    100,6,30.0,,666.0,None,11,,,,,False,,0,69.0,1
81,https://www.racingpost.com/racecards/190/listowel/2022-09-23/822083,-,,,-,-,-,-,-,-,Crabtrees Rebel,Eamon Courtney,T:                             James Andrew Fahey,6,67.0,,666.0,None,11,,,,,False,,0,85.0,2
82,https://www.racingpost.com/racecards/190/listowel/2022-09-23/822083,-,,,-,-,-,-,-,-,Dawn Rising,Mrs Valerie Courtney,T:                             2                                                    Joseph Patrick O'Brien                                                    52,5,98.0,,666.0,None,11,,,,,False,,0,110.0,3
83,https://www.racingpost.com/racecards/190/listowel/2022-09-23/822083,-,,,-,-,-,-,-,-,Hidalgo Des Mottes,G B Noonan,T:                             Eoin Griffin                                                    50,5,80.0,,666.0,None,11,,,,,False,,0,100.0,4
84,https://www.racingpost.com/racecards/190/listowel/2022-09-23/822083,-,,,-,-,-,-,-,-,Kottayam,James Andrew Fahey,T:                             W P Mullins                                                    52,7,,,666.0,None,11,,,,,False,,0,,5
85,https://www.racingpost.com/racecards/190/listowel/2022-09-23/822083,-,,,-,-,-,-,-,-,Lonesome Boatman,Patrick J Rogers,T:                             Martin Brassil                                                    33,6,112.0,,666.0,None,11,,,,,False,,0,100.0,6
86,https://www.racingpost.com/racecards/190/listowel/2022-09-23/822083,-,,,-,-,-,-,-,-,Moonovercloon,Mark Walsh,T:                             Matthew J Smith                                                    33,5,83.0,,666.0,None,11,,,,,False,,0,99.0,7
87,https://www.racingpost.com/racecards/190/listowel/2022-09-23/822083,-,,,-,-,-,-,-,-,Nibbles,Joseph Patrick O'Brien,T:                             Turlough O'Connor,5,,,666.0,None,11,,,,,False,,0,,8
88,https://www.racingpost.com/racecards/190/listowel/2022-09-23/822083,-,,,-,-,-,-,-,-,Spread Boss Ted,John P McManus,T:                             W P Mullins                                                    52,5,,,666.0,None,11,,,,,False,,0,,9
89,https://www.racingpost.com/racecards/190/listowel/2022-09-23/822083,-,,,-,-,-,-,-,-,Talk Of The Town,Ricky Doyle,T:                             1                                                    Nigel Thomas Slevin                                                    33,7,,,666.0,None,11,,,,,False,,0,,10
90,https://www.racingpost.com/racecards/190/listowel/2022-09-23/822083,-,,,-,-,-,-,-,-,The Banger Doyle,Eoin Griffin,T:                             John Queally,6,67.0,,666.0,None,11,,,,,False,,0,100.0,11
91,https://www.racingpost.com/racecards/190/listowel/2022-09-23/822083,-,,,-,-,-,-,-,-,The Short Go,David Phelan,T:                             Henry De Bromhead                                                    36,5,69.0,,666.0,None,11,,,,,False,,0,133.0,12
92,https://www.racingpost.com/racecards/190/listowel/2022-09-23/822083,-,,,-,-,-,-,-,-,Tipp For Mac,Danny Mullins,T:                             Thomas Cooper                                                    100,5,,,666.0,None,11,,,,,False,,0,,13
93,https://www.racingpost.com/racecards/190/listowel/2022-09-23/822083,-,,,-,-,-,-,-,-,Artemis Angel,W P Mullins,T:                             Peter Fahey                                                    20,5,16.0,,666.0,None,11,,,,,False,,0,89.0,14
94,https://www.racingpost.com/racecards/190/listowel/2022-09-23/822083,-,,,-,-,-,-,-,-,Jewelinthesky,Flynn & Gray Partnership,T:                             Eoin Christopher McCarthy                                                    48,6,,,666.0,None,11,,,,,False,,0,,15
95,https://www.racingpost.com/racecards/190/listowel/2022-09-23/822083,-,,,-,-,-,-,-,-,Kilbree Warrior,J J Slevin,T:                             Oliver McKiernan                                                    33,7,99.0,,666.0,None,11,,,,,False,,0,118.0,16
96,https://www.racingpost.com/racecards/190/listowel/2022-09-23/822083,-,,,-,-,-,-,-,-,More Complaints,Martin Brassil,T:                             Turlough O'Connor,5,,,666.0,None,11,,,,,False,,0,,17
97,https://www.racingpost.com/racecards/190/listowel/2022-09-23/822083,-,,,-,-,-,-,-,-,Eveningofsummer,Sean & Bernardine Mulryan,T:                             1                                                    Ruaidhri Joseph Tierney                                                    50,6,,,666.0,None,11,,,,,False,,0,,18
98,https://www.racingpost.com/racecards/190/listowel/2022-09-23/822083,-,,,-,-,-,-,-,-,Glanaree,Keith Donoghue,T:                             Aengus King                                                    100,5,,,666.0,None,11,,,,,False,,0,,19
99,https://www.racingpost.com/racecards/190/listowel/2022-09-23/822083,-,,,-,-,-,-,-,-,Gaudriole,Matthew J Smith,T:                             Nigel Thomas Slevin                                                    33,6,50.0,,666.0,None,11,,,,,False,,0,77.0,20
100,https://www.racingpost.com/racecards/190/listowel/2022-09-23/822084,-,,,-,-,-,-,-,-,Lonesome Day,D G Hogan,T:                             Denis Gerard Hogan                                                    50,5,66.0,,,None,11,,,,,False,,0,88.0,1
101,https://www.racingpost.com/racecards/190/listowel/2022-09-23/822084,-,,,-,-,-,-,-,-,My Friend The Wind,Denis Gerard Hogan,T:                             E McNamara,7,85.0,,,None,11,,,,,False,,0,105.0,2
102,https://www.racingpost.com/racecards/190/listowel/2022-09-23/822084,-,,,-,-,-,-,-,-,Ceanndana,Morgan J Cahalan,T:                             Ross O'Sullivan                                                    31,5,90.0,,,None,11,,,,,False,,0,101.0,3
103,https://www.racingpost.com/racecards/190/listowel/2022-09-23/822084,-,,,-,-,-,-,-,-,Chief Seattle,Conor McNamara,T:                             John Patrick Ryan                                                    43,7,76.0,,,None,11,,,,,False,,0,97.0,4
104,https://www.racingpost.com/racecards/190/listowel/2022-09-23/822084,-,,,-,-,-,-,-,-,Whatsstoppingyou,E McNamara,T:                             Ray Hackett                                                    50,6,93.0,,,None,11,,,,,False,,0,97.0,5
105,https://www.racingpost.com/racecards/190/listowel/2022-09-23/822084,-,,,-,-,-,-,-,-,Tullyhogue Fort,John Earls,T:                             John F O'Neill,6,89.0,,,None,11,,,,,False,,0,105.0,6
106,https://www.racingpost.com/racecards/190/listowel/2022-09-23/822084,-,,,-,-,-,-,-,-,Watermelon Girl,Shane O'Callaghan,T:                             John C McConnell                                                    45,7,77.0,,,None,11,,,,,False,,0,91.0,7
107,https://www.racingpost.com/racecards/190/listowel/2022-09-23/822084,-,,,-,-,-,-,-,-,Creggsman,Ross O'Sullivan,T:                             Gavin Cromwell                                                    46,7,90.0,,,None,11,,,,,False,,0,93.0,8
108,https://www.racingpost.com/racecards/190/listowel/2022-09-23/822084,-,,,-,-,-,-,-,-,Appian Way,Hows Your Father Syndicate,T:                             Charles O'Brien,6,87.0,,,None,11,,,,,False,,0,107.0,9
109,https://www.racingpost.com/racecards/190/listowel/2022-09-23/822084,-,,,-,-,-,-,-,-,Chief Black Robe,Danny Mullins,T:                             P J Rothwell                                                    10,6,30.0,,,None,11,,,,,False,,0,87.0,10
110,https://www.racingpost.com/racecards/190/listowel/2022-09-23/822084,-,,,-,-,-,-,-,-,Helly Hansum,John Patrick Ryan,T:                             2                                                    Noel C Kelly,8,18.0,,,None,11,,,,,False,,0,39.0,11
111,https://www.racingpost.com/racecards/190/listowel/2022-09-23/822084,-,,,-,-,-,-,-,-,Cassidys Girl,John Patrick Ryan,T:                             J F O'Shea,6,89.0,,,None,10,,,,,False,,0,100.0,12
112,https://www.racingpost.com/racecards/190/listowel/2022-09-23/822084,-,,,-,-,-,-,-,-,Chinook,Tommy Brett,T:                             Declan Queally,4,72.0,,,None,10,,,,,False,,0,99.0,13
113,https://www.racingpost.com/racecards/190/listowel/2022-09-23/822084,-,,,-,-,-,-,-,-,Fainche,Ray Hackett,T:                             E Sheehy                                                    63,5,61.0,,,None,10,,,,,False,,0,86.0,14
114,https://www.racingpost.com/racecards/190/listowel/2022-09-23/822084,-,,,-,-,-,-,-,-,King's War,Eamon Stapleton,T:                             Mrs Ann Mooney,13,93.0,,,None,10,,,,,False,,0,97.0,15
115,https://www.racingpost.com/racecards/190/listowel/2022-09-23/822084,-,,,-,-,-,-,-,-,Nanny Tess,Mr P J O'Neill,T:                             Alan Donoghue,5,16.0,,,None,10,,,,,False,,0,37.0,16
116,https://www.racingpost.com/racecards/190/listowel/2022-09-23/822084,-,,,-,-,-,-,-,-,Punk Rock Girl,John F O'Neill,T:                             Cian Michael Collins                                                    50,4,75.0,,,None,10,,,,,False,,0,86.0,17
117,https://www.racingpost.com/racecards/190/listowel/2022-09-23/822084,-,,,-,-,-,-,-,-,Killinure Lass,Aisling O'Neill & Mrs Janeanne O'Neill,T:                             Brian M McMahon                                                    50,5,89.0,,,None,11,,,,,False,,0,98.0,18
118,https://www.racingpost.com/racecards/190/listowel/2022-09-23/822084,-,,,-,-,-,-,-,-,Oh'herewego,Brian Hayes,T:                             V T O'Brien,13,44.0,,,None,10,,,,,False,,0,99.0,19
119,https://www.racingpost.com/racecards/190/listowel/2022-09-23/822084,-,,,-,-,-,-,-,-,Whiskey Lady,John C McConnell,T:                             Gillian Scott,5,75.0,,,None,11,,,,,False,,0,97.0,20
120,https://www.racingpost.com/racecards/190/listowel/2022-09-23/822184,-,,,-,-,-,-,-,-,Battle Of Benburb,Kieren Buckley,T:                             John C McConnell                                                    45,5,90.0,,,None,12,,,,,False,,0,106.0,1
121,https://www.racingpost.com/racecards/190/listowel/2022-09-23/822184,-,,,-,-,-,-,-,-,Ballyglass Beauty,John C McConnell,T:                             Liam P Cusack,6,62.0,,,None,11,,,,,False,,0,93.0,2
122,https://www.racingpost.com/racecards/190/listowel/2022-09-23/822184,-,,,-,-,-,-,-,-,Ballard Prince,Seamus Devlin,T:                             Eoghan O'Grady,5,75.0,,,None,11,,,,,False,,0,96.0,3
123,https://www.racingpost.com/racecards/190/listowel/2022-09-23/822184,-,,,-,-,-,-,-,-,Jetango,Adam Ellis,T:                             Kieran Purcell                                                    33,6,70.0,,,None,11,,,,,False,,0,112.0,4
124,https://www.racingpost.com/racecards/190/listowel/2022-09-23/822184,-,,,-,-,-,-,-,-,Robindevidastar,Liam P Cusack,T:                             P J Rothwell                                                    10,7,79.0,,,None,11,,,,,False,,0,99.0,5
125,https://www.racingpost.com/racecards/190/listowel/2022-09-23/822184,-,,,-,-,-,-,-,-,Rocc On Eddie,Bennetts Bar Syndicate,T:                             David Kenneth Budds                                                    20,5,54.0,,,None,11,,,,,False,,0,99.0,6
126,https://www.racingpost.com/racecards/190/listowel/2022-09-23/822184,-,,,-,-,-,-,-,-,Winning Rascal,Mr J Aherne,T:                             Michael Hourigan                                                    67,7,52.0,,,None,11,,,,,False,,0,99.0,7
127,https://www.racingpost.com/racecards/190/listowel/2022-09-23/822184,-,,,-,-,-,-,-,-,Bearwithmenow,Eoghan O'Grady,T:                             J P Flavin,5,63.0,,,None,11,,,,,False,,0,99.0,8
128,https://www.racingpost.com/racecards/190/listowel/2022-09-23/822184,-,,,-,-,-,-,-,-,Moakland,Thomas J Kelly,T:                             John Patrick Ryan                                                    43,7,91.0,,,None,11,,,,,False,,0,105.0,9
129,https://www.racingpost.com/racecards/190/listowel/2022-09-23/822184,-,,,-,-,-,-,-,-,Camilla's Choice,Donagh Meyler,T:                             John Joseph Hanlon                                                    8,6,63.0,,,None,11,,,,,False,,0,91.0,10
130,https://www.racingpost.com/racecards/190/listowel/2022-09-23/822184,-,,,-,-,-,-,-,-,Gibbet Hill,Kieran Purcell,T:                             Anthony John Black,8,43.0,,,None,11,,,,,False,,0,102.0,11
131,https://www.racingpost.com/racecards/190/listowel/2022-09-23/822184,-,,,-,-,-,-,-,-,Holditinyourhead,Joseph Halpin,T:                             E Sheehy                                                    63,5,44.0,,,None,11,,,,,False,,0,102.0,12
132,https://www.racingpost.com/racecards/190/listowel/2022-09-23/822184,-,,,-,-,-,-,-,-,Longhouse Force,James O'Sullivan,T:                             Brian M McMahon                                                    50,5,81.0,,,None,11,,,,,False,,0,109.0,13
133,https://www.racingpost.com/racecards/190/listowel/2022-09-23/822184,-,,,-,-,-,-,-,-,Betterask JJ,P J Rothwell,T:                             John J Walsh,9,72.0,,,None,11,,,,,False,,0,105.0,14
134,https://www.racingpost.com/racecards/190/listowel/2022-09-23/822184,-,,,-,-,-,-,-,-,Athagabhain,Mrs Philomena Shanahan,T:                             Adrian Sexton                                                    50,5,80.0,,,None,10,,,,,False,,0,96.0,15
135,https://www.racingpost.com/racecards/190/listowel/2022-09-23/822184,-,,,-,-,-,-,-,-,Humps And Bumps,Mike O'Connor,T:                             Peter Croke                                                    33,9,67.0,,,None,10,,,,,False,,0,102.0,16
136,https://www.racingpost.com/racecards/190/listowel/2022-09-23/822184,-,,,-,-,-,-,-,-,Myladyrose,David Kenneth Budds,T:                             Mrs Ann Mooney,9,,,,None,10,,,,,False,,0,90.0,17
137,https://www.racingpost.com/racecards/190/listowel/2022-09-23/822184,-,,,-,-,-,-,-,-,Cottage Artist,Kevin Galvin,T:                             V T O'Brien,9,64.0,,,None,10,,,,,False,,0,102.0,18
138,https://www.racingpost.com/racecards/190/listowel/2022-09-23/822184,-,,,-,-,-,-,-,-,Problem Solver,Darragh O'Keeffe,T:                             Augustine Leahy,6,49.0,,,None,11,,,,,False,,0,104.0,19
139,https://www.racingpost.com/racecards/190/listowel/2022-09-23/822184,-,,,-,-,-,-,-,-,Well Polly,Michael Hourigan,T:                             Miss J M Lee,8,63.0,,,None,11,,,,,False,,0,94.0,20
